ID,Title,Content,Permalink,_yoast_wpseo_focuskw_text_input,_yoast_wpseo_title,_yoast_wpseo_metadesc,Parent,Parent Slug,Order,Slug
100,About Us,,cleardaybaths.com/About-Us/,About-Us,"About Clear Day Bath Solutions | Clear Day Bath Solutions in Woodbridge, VA | Clear Day Bath Solutions","Learn more about  Clear Day Bath Solutions located in Woodbridge, VA. We are a the Woodbridge company here to serve you!",100,,0,About-Us
101,Reviews,,cleardaybaths.com/Reviews/,Reviews,"Reviews Clear Day Bath Solutions | Customer Reviews for Clear Day Bath Solutions in Woodbridge, VA | Clear Day Bath Solutions",Check out the great things the customers of Clear Day Bath Solutions have to say about their experience with our service and quality products.,100,,0,Reviews
102,Gallery,,cleardaybaths.com/Gallery/,Gallery,"Clear Day Bath Solutions Photo Gallery | Clear Day Bath Solutions in Woodbridge, VA | Clear Day Bath Solutions",Check out Clear Day Bath Solutions's gallery of projects in Woodbridge! See how Clear Day Bath Solutions has improved your Woodbridge neighbor's homes!. ,100,,0,Gallery
103,Offers,,cleardaybaths.com/Offers/,Offers,Offers & Promotions By Clear Day Bath Solutions | Save Big With Offers,Offers from Clear Day Bath Solutions in Woodbridge!,100,,0,Offers
104,Financing,,cleardaybaths.com/Financing/,Financing,"Financing | Finance your upcoming renovations in Woodbridge, VA | Clear Day Bath Solutions",Check out the great financing options that Clear Day Bath Solutions has to offer. We offer a variety of financing options in Woodbridge including one that is perfect for you!,100,,0,Financing
105,Warranty,,cleardaybaths.com/Warranty/,Warranty,"Warranty | Clear Day Bath Solutions | Woodbridge, VA ",Here is the warranty information for Clear Day Bath Solutions - Your next Woodbridge contractor!,100,,0,Warranty
106,Service Areas,,cleardaybaths.com/Service-Areas/,Service-Areas,"Service Areas Clear Day Bath Solutions | Clear Day Bath Solutions in Woodbridge, VA | Clear Day Bath Solutions","Clear Day Bath Solutions provides superior services to greater Woodbridge, VA homeowners. Check out our service areas to find out if Clear Day Bath Solutions is in your community!",100,,0,Service-Areas
107,Contact Us,,cleardaybaths.com/Contact-Us/,Contact-Us,Contact Clear Day Bath Solutions | Professional ,Contact the Woodbridge contractors at Clear Day Bath Solutions for your Woodbridge upcoming projects. Call Clear Day Bath Solutions today!,100,,0,Contact-Us
108,Sitemap,,cleardaybaths.com/Sitemap/,Sitemap,,,100,,0,Sitemap
109,Thank You,,cleardaybaths.com/Thank-You/,Thank-You,"Thank You Woodbridge, VA | Clear Day Bath Solutions",Thank you from the team at Clear Day Bath Solutions!,100,,0,Thank-You
110,Blog,,cleardaybaths.com/Blog/,Blog,"Clear Day Bath Solutions Blog | Clear Day Bath Solutions in Woodbridge, VA | Clear Day Bath Solutions",Looking to learn more about the process? Then read Clear Day Bath Solutions's blog!,100,,0,Blog
111,Careers,,cleardaybaths.com/Careers/,Careers,Clear Day Bath Solutions Careers,"Work with the #1 Contracting Team in Northern Virginia! The Pros at Clear Day Bath Solutions in Woodbridge, VA",100,,0,Careers
112,Get Quote,,cleardaybaths.com/Get-Quote/,Get-Quote,"Get Your Free Quote | Woodbridge, VA | Clear Day Bath Solutions","Clear Day Bath Solutions provides free, no hassle estimates for your next Woodbridge home project! ",100,,0,Get-Quote
113,Pricing,,cleardaybaths.com/Pricing/,Pricing,"Affordable Pricing in Woodbridge, VA | Serving Northern Virginia Since 2026","Looking for transparent pricing in Woodbridge, VA? Serving Northern Virginia for 1+ years. Call 804-840-0467 today for a free quote and simple, upfront rates.",100,,0,Pricing
200,Bathrooms,,cleardaybaths.com/Bathrooms/,Bathrooms,"Woodbridge, VA Bathrooms | Bathrooms | Clear Day Bath Solutions",Northern Virginia Bathrooms services from Clear Day Bath Solutions are ready to provide you with a Woodbridge bathroom you'll love!,200,,0,Bathrooms
201,Bathroom Renovations,,cleardaybaths.com/Bathroom-Renovations/,Bathroom-Renovations,"Woodbridge, VA Bathroom Renovation | Bath Renovation | Clear Day Bath Solutions",Enjoy a Woodbridge bathroom renovation from the Northern Virginia bathroom renovation experts at Clear Day Bath Solutions! Call today for your dream bathroom!,200,Bathrooms,1,Bathroom-Renovations
202,Replacement Bathtubs,,cleardaybaths.com/Replacement-Bathtubs/,Replacement-Bathtubs,"Woodbridge, VA Replacement Bathtubs | Bathtub Replacement | Clear Day Bath Solutions ",When replacing your Woodbridge bathtub call the Northern Virginia replacement bathtub experts at Clear Day Bath Solutions .  #1 in Woodbridge Replacement Bathtubs since 2026,200,Bathrooms,1,Replacement-Bathtubs
203,Accessible Bathroom,,cleardaybaths.com/Accessible-Bathroom/,Accessible-Bathroom,"Woodbridge, VA Accessible Bathrooms | Accessible Bathroom Remodel | Clear Day Bath Solutions","Woodbridge Accessible bathrooms created by the Northern Virginia pros at Clear Day Bath Solutions in Woodbridge, VA.",200,Bathrooms,1,Accessible-Bathroom
204,Installation,,cleardaybaths.com/Installation/,Installation,"Woodbridge, VA Bath Installation | Bath Installers | Clear Day Bath Solutions",Clear Day Bath Solutions have been completing Woodbridge bath installations for 1+ years! Let us improve your Northern Virginia home!,200,Bathrooms,1,Installation
205,One-day Bath,,cleardaybaths.com/One-day-Bath/,One-day-Bath,"Woodbridge, VA New Bathtubs | New Bath Installers | Clear Day Bath Solutions",Transform your bathroom in one day with a Woodbridge one day bath remodel from Clear Day Bath Solutions - your Northern Virginia one day bath installers since 2026!,200,Bathrooms,1,One-day-Bath
206,Bath Surrounds,,cleardaybaths.com/Bath-Surrounds/,Bath-Surrounds,"Woodbridge, VA Bath Wall Surrounds | Bath Wall Surround Installers | Clear Day Bath Solutions",Add Woodbridge bath wall surrounds for a bathroom you'll love. Call the Woodbridge bath wall surround installers at Clear Day Bath Solutions!,200,Bathrooms,1,Bath-Surrounds
300,Showers,,cleardaybaths.com/Showers/,Showers,"Woodbridge, VA Showers | Woodbridge, VA Showers Installers | Clear Day Bath Solutions",Get a Woodbridge shower you'll love from the Northern Virginia shower installers at Clear Day Bath Solutions! Call today to learn more about a shower installation!,300,,0,Showers
301,Shower Remodel,,cleardaybaths.com/Shower-Remodel/,Shower-Remodel,"Woodbridge, VA Shower Remodel | Shower Remodelers | Clear Day Bath Solutions",If you are looking to remodel your Woodbridge area shower then call the shower replacement experts at Clear Day Bath Solutions. We have been remodeling showers for 1+ years.,300,Showers,1,Shower-Remodel
302,Replacement Showers,,cleardaybaths.com/Replacement-Showers/,Replacement-Showers,"Woodbridge, VA Replacement Showers | Replacement Shower Installers | Clear Day Bath Solutions","Get a Woodbridge replacement shower from the experts at Clear Day Bath Solutions , your Woodbridge replacement shower installers!",300,Showers,1,Replacement-Showers
303,Shower Surrounds,,cleardaybaths.com/Shower-Surrounds/,Shower-Surrounds,"Woodbridge, VA Shower Surrounds | Shower Surround Installers | Clear Day Bath Solutions",Choose from a wide variety of Shower Surrounds for your Woodbridge bathroom. The professionals at Clear Day Bath Solutions can help you find the perfect shower surround.,300,Showers,1,Shower-Surrounds
304,Shower Enclosures,,cleardaybaths.com/Shower-Enclosures/,Shower-Enclosures,"Woodbridge, VA Shower Enclosures | Shower Enclosure Installers | Clear Day Bath Solutions","Woodbridge Shower Enclosures installed since 2026 by the shower installers at Clear Day Bath Solutions in Woodbridge, VA. ",300,Showers,1,Shower-Enclosures
305,Acrylic Showers,,cleardaybaths.com/Acrylic-Showers/,Acrylic-Showers,"Woodbridge, VA Acrylic Shower | Acrylic Shower Installers | Clear Day Bath Solutions",Get a stunning Acrylic Shower installed to transform your Woodbridge bathroom by the acrylic shower installers at Clear Day Bath Solutions today!,300,Showers,1,Acrylic-Showers
400,Bath Conversions,,cleardaybaths.com/Bath-Conversions/,Bath-Conversions,"Woodbridge, VA Bath Conversions | Bath Conversion Installers | Clear Day Bath Solutions ","Convert your Woodbridge shower into a stunning bathtub or transform your outdated bath into a beautiful shower with the Woodbridge, VA Bath Conversion pros at Clear Day Bath Solutions .",400,,0,Bath-Conversions
401,Tub To Shower Conversions,,cleardaybaths.com/Tub-To-Shower-Conversions/,Tub-To-Shower-Conversions,"Woodbridge, VA Tub To Shower Conversion | Tub Conversions | Clear Day Bath Solutions ",Get a Woodbridge tub to shower conversion by expert Woodbridge tub to shower conversion pros at Clear Day Bath Solutions. #1 Woodbridge Tub to Shower Conversions,400,Bath-Conversions,1,Tub-To-Shower-Conversions
402,Shower to Tub Conversions,,cleardaybaths.com/Shower-to-Tub-Conversions/,Shower-to-Tub-Conversions,"Woodbridge, VA Shower To Tub Conversions | Shower To Tub Installers | Clear Day Bath Solutions",Transform your bath with a Woodbridge shower to tub conversion from Clear Day Bath Solutions. Call today for a shower to tub conversion in Northern Virginia!,400,,0,Shower-to-Tub-Conversions
403,Walk-in Bathtubs,,cleardaybaths.com/Walk-in-Bathtubs/,Walk-in-Bathtubs,"Woodbridge, VA Walk-In Tubs | Walk-In Bathtubs | Clear Day Bath Solutions",Enjoy a walk-in tub from the Northern Virginia walk-in tub installers at Clear Day Bath Solutions. Call today for your Woodbridge walk-in tub!,400,,0,Walk-in-Bathtubs
404,Therapeutic Tubs,,cleardaybaths.com/Therapeutic-Tubs/,Therapeutic-Tubs,"Woodbridge, VA Therapeutic Tub | Therapy Tub Installation | Clear Day Bath Solutions",Enjoy a Theraputic tub from the Woodbridge theraputic tub installers at [Company_name]. Call today for your Northern Virginia theraputic tub!,400,Bath-Conversions,1,Therapeutic-Tubs
405,Walk-In Shower,,cleardaybaths.com/Walk-In-Shower/,Walk-In-Shower,"Woodbridge, VA Walk-In Showers | Woodbridge, VA Walk-In Showers Installer | Clear Day Bath Solutions",Looking for Woodbridge walk-in showers? The Woodbridge walk-in shower installers at Clear Day Bath Solutions are here in Northern Virginia to help!,400,Bath-Conversions,1,Walk-In-Shower