url,kind,source_title
/,home,Home
/about-us/,company,About Us
/accessible-bathroom-prince-georges-county-md/,city-service-flat,"Accessible Bathroom in Prince George's County, MD | Clear Day Bath Solutions"
/alexandria/,city-hub,"Luxury Bathroom Remodeling Services in Alexandria, VA"
/alexandria/accessible-bathroom/,city-service-nested,Alexandria Accessible Bathroom Solutions
/alexandria/shower-remodel/,city-service-nested,"Luxury Shower Remodel in Alexandria, VA"
/alexandria/tub-to-shower-conversions/,city-service-nested,Alexandria Tub-to-Shower Conversions
/alexandria/walk-in-bathtubs/,city-service-nested,"Luxury Walk-In Bathtubs for Alexandria, VA Homes"
/bath-conversions/,service-hub,Bath Conversions
/bath-conversions/shower-to-tub-conversions/,service-detail,Shower to Tub Conversions
/bath-conversions/therapeutic-tubs/,service-detail,Therapeutic Tubs
/bath-conversions/tub-to-shower-conversions/,service-detail,Tub To Shower Conversions
/bath-conversions/walk-in-bathtubs/,service-detail,Walk-in Bathtubs
/bath-conversions/walk-in-shower/,service-detail,Walk-In Shower
/bathroom-remodeling-annapolis-md/,city-service-flat,"Bathroom Remodeling in Annapolis, MD | Clear Day Bath Solutions"
/bathrooms/,service-hub,Bathrooms
/bathrooms/accessible-bathroom/,service-detail,Accessible Bathroom
/bathrooms/bath-surrounds/,service-detail,Bath Surrounds
/bathrooms/bathroom-renovations/,service-detail,Bathroom Renovations
/bathrooms/installation/,service-detail,Installation
/bathrooms/one-day-bath/,service-detail,One-Day Bath
/bathrooms/replacement-bathtubs/,service-detail,Replacement Bathtubs
/blog/,company,Blog
/blog/accessible-bathroom-remodeling-fredericksburg-va/,blog-post,"Creating a Safe and Accessible Bathroom in Fredericksburg, VA"
/blog/bathroom-remodeling-small-spaces-alexandria/,blog-post,Maximize Your Space with Expert Bathroom Remodeling in Alexandria
/blog/columbia-md-bathroom-remodeling-top-design-trends-for-2026/,blog-post,"Columbia, MD Bathroom Remodeling: Top Design Trends for 2026"
/blog/creating-an-accessible-bathroom-in-frederick-md-a-guide-for-homeowners/,blog-post,"Creating an Accessible Bathroom in Frederick, MD: A Guide for Homeowners"
/blog/custom-shower-enclosures-in-college-park-modernize-your-bathroom-today/,blog-post,Custom Shower Enclosures in College Park: Modernize Your Bathroom Today
/blog/durable-shower-surrounds-northern-virginia/,blog-post,The Ultimate Guide to Durable Shower Surrounds in Northern Virginia
/blog/high-quality-bath-renovation-in-annapolis-md-clear-day-bath-solutions/,blog-post,"High-Quality Bath Renovation in Annapolis, MD | Clear Day Bath Solutions"
/blog/modern-replacement-showers-for-fredericksburg-homes-clear-day-bath-solutions/,blog-post,Modern Replacement Showers for Fredericksburg Homes | Clear Day Bath Solutions
/blog/modern-shower-doors-prince-georges-county/,blog-post,Modern Shower Doors to Elevate Your Prince George's County Bathroom
/blog/one-day-bath-options-for-busy-waldorf-md-families/,blog-post,"One-Day Bath Options for Busy Waldorf, MD Families"
/blog/page/2/,blog-pagination,Blog — page 2
/blog/relax-and-rejuvenate-the-benefits-of-therapeutic-tubs-in-warrenton-va/,blog-post,"Relax and Rejuvenate: The Benefits of Therapeutic Tubs in Warrenton, VA"
/blog/shower-tub-conversions-davidsonville-md/,blog-post,Essential Guide to Shower to Tub Conversions for Davidsonville Homes
/blog/signs-replacement-bathtub-woodbridge-va/,blog-post,"Top Signs It's Time for a Replacement Bathtub in Woodbridge, VA"
/blog/stylish-bath-surrounds-capital-heights/,blog-post,Upgrading Your Bathroom with Stylish Bath Surrounds in Capital Heights
/blog/the-long-lasting-benefits-of-acrylic-showers-for-hagerstown-homes/,blog-post,The Long-Lasting Benefits of Acrylic Showers for Hagerstown Homes
/blog/the-ultimate-guide-to-walk-in-bathtubs-in-stafford-va-safety-meets-luxury/,blog-post,"The Ultimate Guide to Walk-in Bathtubs in Stafford, VA: Safety Meets Luxury"
/blog/top-benefits-of-a-one-day-bath-in-woodbridge-va/,blog-post,"Top Benefits of a One-Day Bath in Woodbridge, VA"
/blog/top-professional-shower-remodel-tips-for-your-manassas-home/,blog-post,Top Professional Shower Remodel Tips for Your Manassas Home
/blog/tub-shower-conversions-stafford-va/,blog-post,Fast and Affordable Tub to Shower Conversions in Stafford
/blog/why-alexandria-homeowners-are-choosing-tub-to-shower-conversions/,blog-post,Why Alexandria Homeowners are Choosing Tub to Shower Conversions
/careers/,company,Careers
/columbia-bathroom-remodeling/,city-service-flat,Expert Bathroom Remodeling in Columbia MD | Clear Day Bath Solutions
/columbia-md-tub-to-shower-conversions/,city-service-flat,Tub to Shower Conversions in Columbia MD | Clear Day Bath Solutions
/columbia-md-walk-in-bathtubs/,city-service-flat,Walk-in Bathtubs in Columbia MD | Safe & Accessible Bathing
/columbia-shower-remodel/,city-service-flat,"Expert Shower Remodel in Columbia, MD | Clear Day Bath Solutions"
/contact-us/,company,Contact Us
/financing/,company,Financing
/frederick-bathroom-remodeling/,city-service-flat,Bathroom Remodeling in Frederick MD | Clear Day Bath Solutions
/frederick-shower-remodel/,city-service-flat,Expert Shower Remodel in Frederick MD | Clear Day Bath Solutions
/frederick-tub-to-shower-conversions/,city-service-flat,Tub to Shower Conversions in Frederick MD | Clear Day Bath Solutions
/frederick-walk-in-bathtubs/,city-service-flat,Walk-in Bathtubs in Frederick MD | Clear Day Bath Solutions
/fredericksburg/,city-hub,"Trusted Bathroom Remodeling in Fredericksburg, VA"
/fredericksburg/accessible-bathroom/,city-service-nested,Fredericksburg Accessible Bathroom Professionals
/fredericksburg/shower-remodel/,city-service-nested,"Premier Shower Remodel in Fredericksburg, VA"
/fredericksburg/tub-to-shower-conversions/,city-service-nested,Fredericksburg Tub-to-Shower Conversions
/fredericksburg/walk-in-bathtubs/,city-service-nested,Fredericksburg Walk-In Bathtubs for Senior Safety
/gallery/,company,Gallery
/get-quote/,company,Get Quote
/hagerstown-bathroom-remodeling/,city-service-flat,Bathroom Remodeling in Hagerstown MD | Clear Day Bath Solutions
/hagerstown-shower-remodel/,city-service-flat,Shower Remodel in Hagerstown MD | Clear Day Bath Solutions
/hagerstown-tub-to-shower-conversions/,city-service-flat,Tub to Shower Conversions in Hagerstown MD | Clear Day Bath Solutions
/hagerstown-walk-in-bathtubs/,city-service-flat,Walk-in Bathtubs in Hagerstown MD | Clear Day Bath Solutions
/manassas/,city-hub,"High-End Bathroom Remodeling in Manassas, VA"
/manassas/accessible-bathroom/,city-service-nested,Manassas Accessible Bathroom Solutions
/manassas/shower-remodel/,city-service-nested,"Luxury Shower Remodel in Manassas, VA"
/manassas/tub-to-shower-conversions/,city-service-nested,Manassas Tub-to-Shower Conversions
/manassas/walk-in-bathtubs/,city-service-nested,Manassas Walk-In Bathtubs: Safe & Refreshing Soaks
/offers/,company,Offers
/pricing/,company,Pricing
/privacy-policy/,company,Privacy Policy
/reviews/,company,Reviews
/service-areas/,company,Service Areas
/shower-remodel-annapolis-md/,city-service-flat,"Shower Remodel in Annapolis, MD | Clear Day Bath Solutions"
/shower-remodel-college-park-md/,city-service-flat,"Shower Remodel in College Park, MD | Clear Day Bath Solutions"
/shower-remodel-waldorf-md/,city-service-flat,"Shower Remodel in Waldorf, MD | Clear Day Bath Solutions"
/showers/,service-hub,Showers
/showers/acrylic-showers/,service-detail,Acrylic Showers
/showers/replacement-showers/,service-detail,Replacement Showers
/showers/shower-enclosures/,service-detail,Shower Enclosures
/showers/shower-remodel/,service-detail,Shower Remodel
/showers/shower-surrounds/,service-detail,Shower Surrounds
/sitemap/,company,Sitemap
/stafford/,city-hub,"Your Local Stafford, VA Bathroom Remodeling Experts"
/stafford/accessible-bathroom/,city-service-nested,Stafford Accessible Bathroom Remodeling
/stafford/shower-remodel/,city-service-nested,"Expert Shower Remodel in Stafford, VA"
/stafford/tub-to-shower-conversions/,city-service-nested,Stafford Tub-to-Shower Conversions
/stafford/walk-in-bathtubs/,city-service-nested,Stafford Walk-In Bathtubs: Safety Meets Comfort
/terms-and-conditions/,company,Terms and Conditions
/thank-you/,company,Thank You
/tub-shower-conversions-capitol-heights-md/,city-service-flat,"Tub to Shower Conversions in Capitol Heights, MD | Clear Day Bath Solutions"
/tub-shower-conversions-waldorf-md/,city-service-flat,"Tub to Shower Conversions in Waldorf, MD | Clear Day Bath Solutions"
/walk-in-bathtubs-davidsonville-md/,city-service-flat,"Walk-In Bathtubs in Davidsonville, MD | Clear Day Bath Solutions"
/warranty/,company,Warranty
/warrenton-bathroom-remodeling/,city-service-flat,Expert Bathroom Remodeling in Warrenton VA | Clear Day Bath Solutions
/warrenton-tub-to-shower-conversions/,city-service-flat,Tub to Shower Conversions in Warrenton VA | Clear Day Bath Solutions
/warrenton-va-shower-remodel/,city-service-flat,Shower Remodel in Warrenton VA | Clear Day Bath Solutions
/warrenton-walk-in-bathtubs/,city-service-flat,Walk-in Bathtubs in Warrenton VA | Clear Day Bath Solutions
/woodbridge/,city-hub,"Premium Bathroom Remodeling in Woodbridge, VA"
/woodbridge/accessible-bathroom/,city-service-nested,Woodbridge Accessible Bathroom Remodeling
/woodbridge/shower-remodel/,city-service-nested,"Modern Shower Remodel in Woodbridge, VA"
/woodbridge/tub-to-shower-conversions/,city-service-nested,Woodbridge Tub-to-Shower Conversions
/woodbridge/walk-in-bathtubs/,city-service-nested,"Safe & Therapeutic Walk-In Bathtubs in Woodbridge, VA"
