old_url,disposition,new_url,status,reason,gsc_impressions,gsc_position
/about-us/,preserve,/about-us/,200,published in WordPress,491,5.5
/alexandria/,preserve,/alexandria/,200,published in WordPress,0,
/alexandria/accessible-bathroom/,preserve,/alexandria/accessible-bathroom/,200,published in WordPress,4,10.5
/alexandria/shower-remodel/,preserve,/alexandria/shower-remodel/,200,published in WordPress,11,9.7
/alexandria/tub-to-shower-conversions/,preserve,/alexandria/tub-to-shower-conversions/,200,published in WordPress,38,25.9
/alexandria/walk-in-bathtubs/,preserve,/alexandria/walk-in-bathtubs/,200,published in WordPress,9,3.6
/bath-conversions/,preserve,/bath-conversions/,200,published in WordPress,546,42.9
/bath-conversions/shower-to-tub-conversions/,preserve,/bath-conversions/shower-to-tub-conversions/,200,published in WordPress,15,8.5
/bath-conversions/therapeutic-tubs/,preserve,/bath-conversions/therapeutic-tubs/,200,published in WordPress,15,15.7
/bath-conversions/tub-to-shower-conversions/,preserve,/bath-conversions/tub-to-shower-conversions/,200,published in WordPress,1902,26.5
/bath-conversions/walk-in-bathtubs/,preserve,/bath-conversions/walk-in-bathtubs/,200,published in WordPress,253,28.7
/bath-conversions/walk-in-shower/,preserve,/bath-conversions/walk-in-shower/,200,published in WordPress,265,26.0
/bathroom-remodeling-annapolis-md/,preserve,/bathroom-remodeling-annapolis-md/,200,published in WordPress,15,19.7
/bathrooms/,preserve,/bathrooms/,200,published in WordPress,442,19.2
/bathrooms/accessible-bathroom/,preserve,/bathrooms/accessible-bathroom/,200,published in WordPress,516,33.9
/bathrooms/bath-surrounds/,preserve,/bathrooms/bath-surrounds/,200,published in WordPress,113,24.8
/bathrooms/bathroom-renovations/,preserve,/bathrooms/bathroom-renovations/,200,published in WordPress,867,35.0
/bathrooms/installation/,preserve,/bathrooms/installation/,200,published in WordPress,413,41.4
/bathrooms/one-day-bath/,preserve,/bathrooms/one-day-bath/,200,published in WordPress,512,27.8
/bathrooms/replacement-bathtubs/,preserve,/bathrooms/replacement-bathtubs/,200,published in WordPress,43,43.3
/blog/,preserve,/blog/,200,published in WordPress,13,5.6
/blog/accessible-bathroom-remodeling-fredericksburg-va/,preserve,/blog/accessible-bathroom-remodeling-fredericksburg-va/,200,published in WordPress,0,
/blog/bathroom-remodeling-small-spaces-alexandria/,preserve,/blog/bathroom-remodeling-small-spaces-alexandria/,200,published in WordPress,2,6.5
/blog/columbia-md-bathroom-remodeling-top-design-trends-for-2026/,preserve,/blog/columbia-md-bathroom-remodeling-top-design-trends-for-2026/,200,published in WordPress,3,35.7
/blog/creating-an-accessible-bathroom-in-frederick-md-a-guide-for-homeowners/,preserve,/blog/creating-an-accessible-bathroom-in-frederick-md-a-guide-for-homeowners/,200,published in WordPress,14,5.9
/blog/custom-shower-enclosures-in-college-park-modernize-your-bathroom-today/,preserve,/blog/custom-shower-enclosures-in-college-park-modernize-your-bathroom-today/,200,published in WordPress,7,35.3
/blog/high-quality-bath-renovation-in-annapolis-md-clear-day-bath-solutions/,preserve,/blog/high-quality-bath-renovation-in-annapolis-md-clear-day-bath-solutions/,200,published in WordPress,8,5.0
/blog/modern-replacement-showers-for-fredericksburg-homes-clear-day-bath-solutions/,preserve,/blog/modern-replacement-showers-for-fredericksburg-homes-clear-day-bath-solutions/,200,published in WordPress,0,
/blog/modern-shower-doors-prince-georges-county/,preserve,/blog/modern-shower-doors-prince-georges-county/,200,published in WordPress,0,
/blog/one-day-bath-options-for-busy-waldorf-md-families/,preserve,/blog/one-day-bath-options-for-busy-waldorf-md-families/,200,published in WordPress,2,11.0
/blog/page/2/,preserve,/blog/page/2/,200,GSC-indexed blog pagination,1,15.0
/blog/relax-and-rejuvenate-the-benefits-of-therapeutic-tubs-in-warrenton-va/,preserve,/blog/relax-and-rejuvenate-the-benefits-of-therapeutic-tubs-in-warrenton-va/,200,published in WordPress,0,
/blog/shower-tub-conversions-davidsonville-md/,preserve,/blog/shower-tub-conversions-davidsonville-md/,200,published in WordPress,1,10.0
/blog/signs-replacement-bathtub-woodbridge-va/,preserve,/blog/signs-replacement-bathtub-woodbridge-va/,200,published in WordPress,1,5.0
/blog/stylish-bath-surrounds-capital-heights/,preserve,/blog/stylish-bath-surrounds-capital-heights/,200,published in WordPress,2,6.0
/blog/the-long-lasting-benefits-of-acrylic-showers-for-hagerstown-homes/,preserve,/blog/the-long-lasting-benefits-of-acrylic-showers-for-hagerstown-homes/,200,published in WordPress,4,23.2
/blog/the-ultimate-guide-to-walk-in-bathtubs-in-stafford-va-safety-meets-luxury/,preserve,/blog/the-ultimate-guide-to-walk-in-bathtubs-in-stafford-va-safety-meets-luxury/,200,published in WordPress,0,
/blog/top-benefits-of-a-one-day-bath-in-woodbridge-va/,preserve,/blog/top-benefits-of-a-one-day-bath-in-woodbridge-va/,200,published in WordPress,7,2.9
/blog/top-professional-shower-remodel-tips-for-your-manassas-home/,preserve,/blog/top-professional-shower-remodel-tips-for-your-manassas-home/,200,published in WordPress,1,2.0
/blog/why-alexandria-homeowners-are-choosing-tub-to-shower-conversions/,preserve,/blog/why-alexandria-homeowners-are-choosing-tub-to-shower-conversions/,200,published in WordPress,34,5.0
/careers/,preserve,/careers/,200,published in WordPress,26,7.0
/contact-us/,preserve,/contact-us/,200,published in WordPress,255,19.2
/financing/,preserve,/financing/,200,published in WordPress,46,8.6
/frederick-bathroom-remodeling/,preserve,/frederick-bathroom-remodeling/,200,published in WordPress,3,15.3
/frederick-shower-remodel/,preserve,/frederick-shower-remodel/,200,published in WordPress,5,4.4
/frederick-tub-to-shower-conversions/,preserve,/frederick-tub-to-shower-conversions/,200,published in WordPress,7,5.0
/frederick-walk-in-bathtubs/,preserve,/frederick-walk-in-bathtubs/,200,published in WordPress,33,8.6
/fredericksburg/,preserve,/fredericksburg/,200,published in WordPress,9,11.2
/fredericksburg/accessible-bathroom/,preserve,/fredericksburg/accessible-bathroom/,200,published in WordPress,73,8.0
/fredericksburg/shower-remodel/,preserve,/fredericksburg/shower-remodel/,200,published in WordPress,47,43.9
/fredericksburg/tub-to-shower-conversions/,preserve,/fredericksburg/tub-to-shower-conversions/,200,published in WordPress,23,18.9
/fredericksburg/walk-in-bathtubs/,preserve,/fredericksburg/walk-in-bathtubs/,200,published in WordPress,75,12.9
/gallery/,preserve,/gallery/,200,published in WordPress,58,3.8
/get-quote/,preserve,/get-quote/,200,published in WordPress,75,23.5
/hagerstown-bathroom-remodeling/,preserve,/hagerstown-bathroom-remodeling/,200,published in WordPress,12,11.5
/hagerstown-shower-remodel/,preserve,/hagerstown-shower-remodel/,200,published in WordPress,14,4.6
/hagerstown-tub-to-shower-conversions/,preserve,/hagerstown-tub-to-shower-conversions/,200,published in WordPress,4,6.0
/hagerstown-walk-in-bathtubs/,preserve,/hagerstown-walk-in-bathtubs/,200,published in WordPress,2,21.0
/manassas/,preserve,/manassas/,200,published in WordPress,11,7.6
/manassas/accessible-bathroom/,preserve,/manassas/accessible-bathroom/,200,published in WordPress,1,1.0
/manassas/shower-remodel/,preserve,/manassas/shower-remodel/,200,published in WordPress,7,4.4
/manassas/tub-to-shower-conversions/,preserve,/manassas/tub-to-shower-conversions/,200,published in WordPress,7,8.6
/manassas/walk-in-bathtubs/,preserve,/manassas/walk-in-bathtubs/,200,published in WordPress,3,6.0
/offers/,preserve,/offers/,200,published in WordPress,120,15.1
/pricing/,preserve,/pricing/,200,published in WordPress,453,28.1
/privacy-policy/,preserve,/privacy-policy/,200,published in WordPress,5,4.6
/reviews/,preserve,/reviews/,200,published in WordPress,187,6.7
/service-areas/,preserve,/service-areas/,200,published in WordPress,64,22.4
/shower-remodel-annapolis-md/,preserve,/shower-remodel-annapolis-md/,200,published in WordPress,0,
/shower-remodel-college-park-md/,preserve,/shower-remodel-college-park-md/,200,published in WordPress,5,3.6
/showers/,preserve,/showers/,200,published in WordPress,438,41.5
/showers/acrylic-showers/,preserve,/showers/acrylic-showers/,200,published in WordPress,627,41.4
/showers/replacement-showers/,preserve,/showers/replacement-showers/,200,published in WordPress,173,41.7
/showers/shower-enclosures/,preserve,/showers/shower-enclosures/,200,published in WordPress,266,44.3
/showers/shower-remodel/,preserve,/showers/shower-remodel/,200,published in WordPress,168,57.7
/showers/shower-surrounds/,preserve,/showers/shower-surrounds/,200,published in WordPress,236,53.4
/sitemap/,preserve,/sitemap/,200,published in WordPress,3,7.7
/stafford/,preserve,/stafford/,200,published in WordPress,141,13.9
/stafford/accessible-bathroom/,preserve,/stafford/accessible-bathroom/,200,published in WordPress,97,16.0
/stafford/shower-remodel/,preserve,/stafford/shower-remodel/,200,published in WordPress,302,12.7
/stafford/tub-to-shower-conversions/,preserve,/stafford/tub-to-shower-conversions/,200,published in WordPress,154,12.0
/stafford/walk-in-bathtubs/,preserve,/stafford/walk-in-bathtubs/,200,published in WordPress,13,13.1
/terms-and-conditions/,preserve,/terms-and-conditions/,200,published in WordPress,0,
/thank-you/,preserve,/thank-you/,200,published in WordPress,0,
/tub-shower-conversions-capitol-heights-md/,preserve,/tub-shower-conversions-capitol-heights-md/,200,published in WordPress,0,
/tub-shower-conversions-waldorf-md/,preserve,/tub-shower-conversions-waldorf-md/,200,published in WordPress,4,22.2
/walk-in-bathtubs-davidsonville-md/,preserve,/walk-in-bathtubs-davidsonville-md/,200,published in WordPress,1,6.0
/warranty/,preserve,/warranty/,200,published in WordPress,39,4.9
/warrenton-bathroom-remodeling/,preserve,/warrenton-bathroom-remodeling/,200,published in WordPress,2,1.0
/warrenton-tub-to-shower-conversions/,preserve,/warrenton-tub-to-shower-conversions/,200,published in WordPress,1,4.0
/warrenton-va-shower-remodel/,preserve,/warrenton-va-shower-remodel/,200,published in WordPress,16,32.3
/warrenton-walk-in-bathtubs/,preserve,/warrenton-walk-in-bathtubs/,200,published in WordPress,1,12.0
/woodbridge/,preserve,/woodbridge/,200,published in WordPress,4,7.8
/woodbridge/accessible-bathroom/,preserve,/woodbridge/accessible-bathroom/,200,published in WordPress,0,
/woodbridge/shower-remodel/,preserve,/woodbridge/shower-remodel/,200,published in WordPress,1,6.0
/woodbridge/tub-to-shower-conversions/,preserve,/woodbridge/tub-to-shower-conversions/,200,published in WordPress,2,3.5
/woodbridge/walk-in-bathtubs/,preserve,/woodbridge/walk-in-bathtubs/,200,published in WordPress,99,13.4
/accessible-bathroom-prince-georges-county-md/,publish,/accessible-bathroom-prince-georges-county-md/,200,scheduled in WordPress; publish on launch,0,
/blog/durable-shower-surrounds-northern-virginia/,publish,/blog/durable-shower-surrounds-northern-virginia/,200,scheduled in WordPress; publish on launch,0,
/blog/tub-shower-conversions-stafford-va/,publish,/blog/tub-shower-conversions-stafford-va/,200,scheduled in WordPress; publish on launch,0,
/shower-remodel-waldorf-md/,publish,/shower-remodel-waldorf-md/,200,scheduled in WordPress; publish on launch,0,
/annapolis-bathroom-remodeling/,redirect,/bathroom-remodeling-annapolis-md/,301,trashed; live equivalent exists,0,
/annapolis-shower-remodel/,redirect,/shower-remodel-annapolis-md/,301,trashed; live equivalent exists,0,
/college-park-shower-remodel/,redirect,/shower-remodel-college-park-md/,301,trashed; live equivalent exists,0,
/davidsonville-md-walk-in-bathtubs/,redirect,/walk-in-bathtubs-davidsonville-md/,301,trashed; live equivalent exists,0,
/home/,redirect,/,301,WP front page renders at root,0,
/waldorf-md-shower-remodel/,redirect,/shower-remodel-waldorf-md/,301,trashed; target built in Phase 3 geo expansion,0,
/waldorf-tub-to-shower-conversions/,redirect,/tub-shower-conversions-waldorf-md/,301,trashed; live equivalent exists,0,
/annapolis-tub-to-shower-conversions/,restore,/annapolis-tub-to-shower-conversions/,200,rebuilt at original slug; no live equivalent (GSC pos —),0,
/annapolis-walk-in-bathtubs/,restore,/annapolis-walk-in-bathtubs/,200,rebuilt at original slug; no live equivalent (GSC pos —),0,
/college-park-bathroom-remodeling/,restore,/college-park-bathroom-remodeling/,200,rebuilt at original slug; no live equivalent (GSC pos —),0,
/college-park-md-walk-in-bathtubs/,restore,/college-park-md-walk-in-bathtubs/,200,rebuilt at original slug; no live equivalent (GSC pos —),0,
/college-park-tub-to-shower-conversions/,restore,/college-park-tub-to-shower-conversions/,200,rebuilt at original slug; no live equivalent (GSC pos —),0,
/columbia-bathroom-remodeling/,restore,/columbia-bathroom-remodeling/,200,rebuilt at original slug; no live equivalent (GSC pos 5.0),3,5.0
/columbia-md-tub-to-shower-conversions/,restore,/columbia-md-tub-to-shower-conversions/,200,rebuilt at original slug; no live equivalent (GSC pos 5.1),13,5.1
/columbia-md-walk-in-bathtubs/,restore,/columbia-md-walk-in-bathtubs/,200,rebuilt at original slug; no live equivalent (GSC pos 4.0),4,4.0
/columbia-shower-remodel/,restore,/columbia-shower-remodel/,200,rebuilt at original slug; no live equivalent (GSC pos 6.9),8,6.9
/davidsonville-bathroom-remodeling/,restore,/davidsonville-bathroom-remodeling/,200,rebuilt at original slug; no live equivalent (GSC pos —),0,
/davidsonville-md-shower-remodel/,restore,/davidsonville-md-shower-remodel/,200,rebuilt at original slug; no live equivalent (GSC pos —),0,
/davidsonville-tub-to-shower-conversions/,restore,/davidsonville-tub-to-shower-conversions/,200,rebuilt at original slug; no live equivalent (GSC pos —),0,
/waldorf-md-bathroom-remodeling/,restore,/waldorf-md-bathroom-remodeling/,200,rebuilt at original slug; no live equivalent (GSC pos —),0,
/waldorf-walk-in-bathtubs/,restore,/waldorf-walk-in-bathtubs/,200,rebuilt at original slug; no live equivalent (GSC pos —),0,
